{
    "code": "200",
    "data": [
        {
            "id": 1451,
            "name": "哲学基本问题及其内容（对哲学的划分）",
            "examItems": [
                {
                    "id": 5310,
                    "answerType": 0
                },
                {
                    "id": 5328,
                    "answerType": 0
                },
                {
                    "id": 5508,
                    "answerType": 0
                }
            ],
            "mistakeCount": 3
        },
        {
            "id": 1452,
            "name": "哲学的其他划分",
            "examItems": [
                {
                    "id": 5550,
                    "answerType": 1
                }
            ],
            "mistakeCount": 1
        },
        {
            "id": 1454,
            "name": "物质与运动",
            "examItems": [
                {
                    "id": 567,
                    "answerType": 1
                },
                {
                    "id": 5554,
                    "answerType": 1
                },
                {
                    "id": 5555,
                    "answerType": 1
                },
                {
                    "id": 15529,
                    "answerType": 1
                }
            ],
            "mistakeCount": 4
        }
    ],
    "page": 1,
    "pageSize": 3,
    "total": 187,
    "totalPages": 63
}