{
    "code": "200",
    "data": [
        {
            "id": 92,
            "name": "算法",
            "examItems": [
                {
                    "id": 5238,
                    "answerType": 4
                },
                {
                    "id": 5445,
                    "answerType": 4
                },
                {
                    "id": 5514,
                    "answerType": 4
                },
                {
                    "id": 5698,
                    "answerType": 4
                }
            ],
            "mistakeCount": 4
        },
        {
            "id": 93,
            "name": "线性表的逻辑特性",
            "examItems": [
                {
                    "id": 956,
                    "answerType": 0
                },
                {
                    "id": 4569,
                    "answerType": 0
                }
            ],
            "mistakeCount": 2
        },
        {
            "id": 94,
            "name": "线性表的存储结构",
            "examItems": [
                {
                    "id": 931,
                    "answerType": 0
                },
                {
                    "id": 950,
                    "answerType": 0
                },
                {
                    "id": 956,
                    "answerType": 0
                },
                {
                    "id": 4612,
                    "answerType": 0
                },
                {
                    "id": 5719,
                    "answerType": 4
                }
            ],
            "mistakeCount": 5
        }
    ],
    "page": 1,
    "pageSize": 3,
    "total": 281,
    "totalPages": 94
}